{
  "accuracy": 0.9859259259259259,
  "precision": 0.9857186566194199,
  "recall": 0.9857788924119276,
  "f1": 0.9857342285413362,
  "per_class": {
    "AnnualCrop": {
      "precision": 0.9834437086092715,
      "recall": 0.99,
      "f1": 0.9867109634551495,
      "support": 300
    },
    "Forest": {
      "precision": 0.9933110367892977,
      "recall": 1.0,
      "f1": 0.9966442953020134,
      "support": 297
    },
    "HerbaceousVegetation": {
      "precision": 0.9732441471571907,
      "recall": 0.9635761589403974,
      "f1": 0.9683860232945092,
      "support": 302
    },
    "Highway": {
      "precision": 0.9816849816849816,
      "recall": 0.9962825278810409,
      "f1": 0.988929889298893,
      "support": 269
    },
    "Industrial": {
      "precision": 0.9883268482490273,
      "recall": 0.9883268482490273,
      "f1": 0.9883268482490273,
      "support": 257
    },
    "Pasture": {
      "precision": 0.983957219251337,
      "recall": 0.983957219251337,
      "f1": 0.983957219251337,
      "support": 187
    },
    "PermanentCrop": {
      "precision": 0.9682539682539683,
      "recall": 0.9606299212598425,
      "f1": 0.9644268774703557,
      "support": 254
    },
    "Residential": {
      "precision": 0.9967845659163987,
      "recall": 0.9872611464968153,
      "f1": 0.992,
      "support": 314
    },
    "River": {
      "precision": 0.9918032786885246,
      "recall": 0.9877551020408163,
      "f1": 0.9897750511247444,
      "support": 245
    },
    "SeaLake": {
      "precision": 0.9963768115942029,
      "recall": 1.0,
      "f1": 0.9981851179673321,
      "support": 275
    }
  }
}