{
  "accuracy": 0.7611111111111111,
  "precision": 0.7678870028034546,
  "recall": 0.7577915067760082,
  "f1": 0.7505277682860592,
  "per_class": {
    "AnnualCrop": {
      "precision": 0.7254335260115607,
      "recall": 0.8366666666666667,
      "f1": 0.7770897832817337,
      "support": 300
    },
    "Forest": {
      "precision": 0.6901840490797546,
      "recall": 0.7575757575757576,
      "f1": 0.7223113964686998,
      "support": 297
    },
    "HerbaceousVegetation": {
      "precision": 0.7934426229508197,
      "recall": 0.8013245033112583,
      "f1": 0.7973640856672158,
      "support": 302
    },
    "Highway": {
      "precision": 0.9057971014492754,
      "recall": 0.4646840148698885,
      "f1": 0.6142506142506142,
      "support": 269
    },
    "Industrial": {
      "precision": 0.7992700729927007,
      "recall": 0.8521400778210116,
      "f1": 0.8248587570621468,
      "support": 257
    },
    "Pasture": {
      "precision": 0.6083650190114068,
      "recall": 0.8556149732620321,
      "f1": 0.7111111111111111,
      "support": 187
    },
    "PermanentCrop": {
      "precision": 0.7040816326530612,
      "recall": 0.5433070866141733,
      "f1": 0.6133333333333333,
      "support": 254
    },
    "Residential": {
      "precision": 0.868421052631579,
      "recall": 0.945859872611465,
      "f1": 0.9054878048780488,
      "support": 314
    },
    "River": {
      "precision": 0.8418367346938775,
      "recall": 0.673469387755102,
      "f1": 0.7482993197278912,
      "support": 245
    },
    "SeaLake": {
      "precision": 0.7420382165605095,
      "recall": 0.8472727272727273,
      "f1": 0.7911714770797963,
      "support": 275
    }
  }
}