{
  "accuracy": 0.7681481481481481,
  "precision": 0.7777897867329004,
  "recall": 0.7649262916719838,
  "f1": 0.7605773850707399,
  "per_class": {
    "AnnualCrop": {
      "precision": 0.7692307692307693,
      "recall": 0.8,
      "f1": 0.7843137254901961,
      "support": 300
    },
    "Forest": {
      "precision": 0.6895604395604396,
      "recall": 0.8451178451178452,
      "f1": 0.7594553706505295,
      "support": 297
    },
    "HerbaceousVegetation": {
      "precision": 0.825938566552901,
      "recall": 0.8013245033112583,
      "f1": 0.8134453781512605,
      "support": 302
    },
    "Highway": {
      "precision": 0.9096774193548387,
      "recall": 0.5241635687732342,
      "f1": 0.6650943396226415,
      "support": 269
    },
    "Industrial": {
      "precision": 0.8340807174887892,
      "recall": 0.7237354085603113,
      "f1": 0.775,
      "support": 257
    },
    "Pasture": {
      "precision": 0.6111111111111112,
      "recall": 0.8823529411764706,
      "f1": 0.7221006564551422,
      "support": 187
    },
    "PermanentCrop": {
      "precision": 0.6710526315789473,
      "recall": 0.6023622047244095,
      "f1": 0.6348547717842323,
      "support": 254
    },
    "Residential": {
      "precision": 0.7704081632653061,
      "recall": 0.9617834394904459,
      "f1": 0.8555240793201133,
      "support": 314
    },
    "River": {
      "precision": 0.8252427184466019,
      "recall": 0.6938775510204082,
      "f1": 0.753880266075388,
      "support": 245
    },
    "SeaLake": {
      "precision": 0.8715953307392996,
      "recall": 0.8145454545454546,
      "f1": 0.8421052631578947,
      "support": 275
    }
  }
}