{
  "accuracy": 0.8048148148148148,
  "precision": 0.8104545041452011,
  "recall": 0.7995188112296863,
  "f1": 0.7968396042922624,
  "per_class": {
    "AnnualCrop": {
      "precision": 0.7073791348600509,
      "recall": 0.9266666666666666,
      "f1": 0.8023088023088023,
      "support": 300
    },
    "Forest": {
      "precision": 0.7470238095238095,
      "recall": 0.8451178451178452,
      "f1": 0.7930489731437599,
      "support": 297
    },
    "HerbaceousVegetation": {
      "precision": 0.8338983050847457,
      "recall": 0.8145695364238411,
      "f1": 0.8241206030150754,
      "support": 302
    },
    "Highway": {
      "precision": 0.8636363636363636,
      "recall": 0.6356877323420075,
      "f1": 0.7323340471092077,
      "support": 269
    },
    "Industrial": {
      "precision": 0.8376383763837638,
      "recall": 0.8832684824902723,
      "f1": 0.8598484848484849,
      "support": 257
    },
    "Pasture": {
      "precision": 0.6855895196506551,
      "recall": 0.839572192513369,
      "f1": 0.7548076923076923,
      "support": 187
    },
    "PermanentCrop": {
      "precision": 0.8023255813953488,
      "recall": 0.5433070866141733,
      "f1": 0.647887323943662,
      "support": 254
    },
    "Residential": {
      "precision": 0.8878787878787879,
      "recall": 0.9331210191082803,
      "f1": 0.9099378881987578,
      "support": 314
    },
    "River": {
      "precision": 0.8900523560209425,
      "recall": 0.6938775510204082,
      "f1": 0.7798165137614679,
      "support": 245
    },
    "SeaLake": {
      "precision": 0.8491228070175438,
      "recall": 0.88,
      "f1": 0.8642857142857143,
      "support": 275
    }
  }
}