{
  "accuracy": 0.6937037037037037,
  "precision": 0.7272514049305292,
  "recall": 0.6893395816264222,
  "f1": 0.6605610184595891,
  "per_class": {
    "AnnualCrop": {
      "precision": 0.713855421686747,
      "recall": 0.79,
      "f1": 0.75,
      "support": 300
    },
    "Forest": {
      "precision": 0.7079889807162535,
      "recall": 0.8653198653198653,
      "f1": 0.7787878787878788,
      "support": 297
    },
    "HerbaceousVegetation": {
      "precision": 0.9247311827956989,
      "recall": 0.5695364238410596,
      "f1": 0.7049180327868853,
      "support": 302
    },
    "Highway": {
      "precision": 0.8928571428571429,
      "recall": 0.09293680297397769,
      "f1": 0.16835016835016836,
      "support": 269
    },
    "Industrial": {
      "precision": 0.7117117117117117,
      "recall": 0.9221789883268483,
      "f1": 0.8033898305084746,
      "support": 257
    },
    "Pasture": {
      "precision": 0.3967391304347826,
      "recall": 0.7807486631016043,
      "f1": 0.5261261261261261,
      "support": 187
    },
    "PermanentCrop": {
      "precision": 0.47039473684210525,
      "recall": 0.562992125984252,
      "f1": 0.5125448028673835,
      "support": 254
    },
    "Residential": {
      "precision": 0.8899082568807339,
      "recall": 0.9267515923566879,
      "f1": 0.9079563182527302,
      "support": 314
    },
    "River": {
      "precision": 0.7309941520467836,
      "recall": 0.5102040816326531,
      "f1": 0.6009615384615384,
      "support": 245
    },
    "SeaLake": {
      "precision": 0.8333333333333334,
      "recall": 0.8727272727272727,
      "f1": 0.8525754884547069,
      "support": 275
    }
  }
}