{
  "accuracy": 0.5966666666666667,
  "precision": 0.6106017849925328,
  "recall": 0.5860890136511803,
  "f1": 0.5699438282378305,
  "per_class": {
    "AnnualCrop": {
      "precision": 0.5553145336225597,
      "recall": 0.8533333333333334,
      "f1": 0.6727989487516426,
      "support": 300
    },
    "Forest": {
      "precision": 0.5670498084291188,
      "recall": 0.4983164983164983,
      "f1": 0.5304659498207885,
      "support": 297
    },
    "HerbaceousVegetation": {
      "precision": 0.6016483516483516,
      "recall": 0.7251655629139073,
      "f1": 0.6576576576576577,
      "support": 302
    },
    "Highway": {
      "precision": 0.6923076923076923,
      "recall": 0.20074349442379183,
      "f1": 0.3112391930835735,
      "support": 269
    },
    "Industrial": {
      "precision": 0.7590361445783133,
      "recall": 0.490272373540856,
      "f1": 0.5957446808510638,
      "support": 257
    },
    "Pasture": {
      "precision": 0.3885135135135135,
      "recall": 0.6149732620320856,
      "f1": 0.47619047619047616,
      "support": 187
    },
    "PermanentCrop": {
      "precision": 0.6473988439306358,
      "recall": 0.4409448818897638,
      "f1": 0.5245901639344263,
      "support": 254
    },
    "Residential": {
      "precision": 0.6735218508997429,
      "recall": 0.8343949044585988,
      "f1": 0.7453769559032717,
      "support": 314
    },
    "River": {
      "precision": 0.5748502994011976,
      "recall": 0.39183673469387753,
      "f1": 0.46601941747572817,
      "support": 245
    },
    "SeaLake": {
      "precision": 0.6463768115942029,
      "recall": 0.8109090909090909,
      "f1": 0.7193548387096774,
      "support": 275
    }
  }
}