{
  "accuracy": 0.4025925925925926,
  "precision": 0.420419837338146,
  "recall": 0.4044851279908473,
  "f1": 0.37689948582569915,
  "per_class": {
    "AnnualCrop": {
      "precision": 0.3747534516765286,
      "recall": 0.6333333333333333,
      "f1": 0.4708798017348203,
      "support": 300
    },
    "Forest": {
      "precision": 0.22935779816513763,
      "recall": 0.16835016835016836,
      "f1": 0.1941747572815534,
      "support": 297
    },
    "HerbaceousVegetation": {
      "precision": 0.6608187134502924,
      "recall": 0.3741721854304636,
      "f1": 0.47780126849894294,
      "support": 302
    },
    "Highway": {
      "precision": 0.16666666666666666,
      "recall": 0.026022304832713755,
      "f1": 0.04501607717041801,
      "support": 269
    },
    "Industrial": {
      "precision": 0.3020408163265306,
      "recall": 0.8638132295719845,
      "f1": 0.4475806451612903,
      "support": 257
    },
    "Pasture": {
      "precision": 0.648936170212766,
      "recall": 0.6524064171122995,
      "f1": 0.6506666666666666,
      "support": 187
    },
    "PermanentCrop": {
      "precision": 0.3508771929824561,
      "recall": 0.31496062992125984,
      "f1": 0.33195020746887965,
      "support": 254
    },
    "Residential": {
      "precision": 0.784452296819788,
      "recall": 0.7070063694267515,
      "f1": 0.7437185929648241,
      "support": 314
    },
    "River": {
      "precision": 0.10043668122270742,
      "recall": 0.09387755102040816,
      "f1": 0.0970464135021097,
      "support": 245
    },
    "SeaLake": {
      "precision": 0.5858585858585859,
      "recall": 0.2109090909090909,
      "f1": 0.31016042780748665,
      "support": 275
    }
  }
}