{
  "accuracy": 0.7903703703703704,
  "precision": 0.7936344736521759,
  "recall": 0.7863784432588963,
  "f1": 0.7829966227010001,
  "per_class": {
    "AnnualCrop": {
      "precision": 0.7094017094017094,
      "recall": 0.83,
      "f1": 0.7649769585253456,
      "support": 300
    },
    "Forest": {
      "precision": 0.7887788778877888,
      "recall": 0.8047138047138047,
      "f1": 0.7966666666666666,
      "support": 297
    },
    "HerbaceousVegetation": {
      "precision": 0.8350877192982457,
      "recall": 0.7880794701986755,
      "f1": 0.8109028960817717,
      "support": 302
    },
    "Highway": {
      "precision": 0.8888888888888888,
      "recall": 0.5353159851301115,
      "f1": 0.6682134570765661,
      "support": 269
    },
    "Industrial": {
      "precision": 0.7960526315789473,
      "recall": 0.9416342412451362,
      "f1": 0.8627450980392157,
      "support": 257
    },
    "Pasture": {
      "precision": 0.69377990430622,
      "recall": 0.7754010695187166,
      "f1": 0.7323232323232324,
      "support": 187
    },
    "PermanentCrop": {
      "precision": 0.6392156862745098,
      "recall": 0.6417322834645669,
      "f1": 0.6404715127701375,
      "support": 254
    },
    "Residential": {
      "precision": 0.9342105263157895,
      "recall": 0.9044585987261147,
      "f1": 0.919093851132686,
      "support": 314
    },
    "River": {
      "precision": 0.8676470588235294,
      "recall": 0.7224489795918367,
      "f1": 0.7884187082405345,
      "support": 245
    },
    "SeaLake": {
      "precision": 0.7832817337461301,
      "recall": 0.92,
      "f1": 0.8461538461538461,
      "support": 275
    }
  }
}