{
  "accuracy": 0.7296296296296296,
  "precision": 0.7447375084042365,
  "recall": 0.72540517307219,
  "f1": 0.7142353511737205,
  "per_class": {
    "AnnualCrop": {
      "precision": 0.7926421404682275,
      "recall": 0.79,
      "f1": 0.7913188647746243,
      "support": 300
    },
    "Forest": {
      "precision": 0.7467532467532467,
      "recall": 0.7744107744107744,
      "f1": 0.7603305785123967,
      "support": 297
    },
    "HerbaceousVegetation": {
      "precision": 0.8044280442804428,
      "recall": 0.7218543046357616,
      "f1": 0.7609075043630017,
      "support": 302
    },
    "Highway": {
      "precision": 0.6792452830188679,
      "recall": 0.6691449814126395,
      "f1": 0.6741573033707865,
      "support": 269
    },
    "Industrial": {
      "precision": 0.8173913043478261,
      "recall": 0.7315175097276264,
      "f1": 0.7720739219712526,
      "support": 257
    },
    "Pasture": {
      "precision": 0.4899713467048711,
      "recall": 0.9144385026737968,
      "f1": 0.6380597014925373,
      "support": 187
    },
    "PermanentCrop": {
      "precision": 0.625,
      "recall": 0.5511811023622047,
      "f1": 0.5857740585774058,
      "support": 254
    },
    "Residential": {
      "precision": 0.7314148681055156,
      "recall": 0.9713375796178344,
      "f1": 0.8344733242134063,
      "support": 314
    },
    "River": {
      "precision": 0.851063829787234,
      "recall": 0.32653061224489793,
      "f1": 0.471976401179941,
      "support": 245
    },
    "SeaLake": {
      "precision": 0.9094650205761317,
      "recall": 0.8036363636363636,
      "f1": 0.8532818532818532,
      "support": 275
    }
  }
}