{
  "accuracy": 0.7503703703703704,
  "precision": 0.7749911096877549,
  "recall": 0.7473038704263915,
  "f1": 0.7390794668059584,
  "per_class": {
    "AnnualCrop": {
      "precision": 0.7659574468085106,
      "recall": 0.84,
      "f1": 0.8012718600953895,
      "support": 300
    },
    "Forest": {
      "precision": 0.6775956284153005,
      "recall": 0.835016835016835,
      "f1": 0.7481146304675717,
      "support": 297
    },
    "HerbaceousVegetation": {
      "precision": 0.8565891472868217,
      "recall": 0.7317880794701986,
      "f1": 0.7892857142857143,
      "support": 302
    },
    "Highway": {
      "precision": 0.8712121212121212,
      "recall": 0.4275092936802974,
      "f1": 0.57356608478803,
      "support": 269
    },
    "Industrial": {
      "precision": 0.8582995951417004,
      "recall": 0.8249027237354085,
      "f1": 0.8412698412698413,
      "support": 257
    },
    "Pasture": {
      "precision": 0.45698924731182794,
      "recall": 0.9090909090909091,
      "f1": 0.6082289803220036,
      "support": 187
    },
    "PermanentCrop": {
      "precision": 0.6588785046728972,
      "recall": 0.5551181102362205,
      "f1": 0.6025641025641025,
      "support": 254
    },
    "Residential": {
      "precision": 0.8031914893617021,
      "recall": 0.9617834394904459,
      "f1": 0.8753623188405797,
      "support": 314
    },
    "River": {
      "precision": 0.9066666666666666,
      "recall": 0.5551020408163265,
      "f1": 0.6886075949367089,
      "support": 245
    },
    "SeaLake": {
      "precision": 0.89453125,
      "recall": 0.8327272727272728,
      "f1": 0.8625235404896422,
      "support": 275
    }
  }
}