{
  "accuracy": 0.44592592592592595,
  "precision": 0.6553091977312561,
  "recall": 0.4278566366416273,
  "f1": 0.37558235559870734,
  "per_class": {
    "AnnualCrop": {
      "precision": 0.5082872928176796,
      "recall": 0.92,
      "f1": 0.6548042704626335,
      "support": 300
    },
    "Forest": {
      "precision": 0.5364077669902912,
      "recall": 0.7441077441077442,
      "f1": 0.6234132581100141,
      "support": 297
    },
    "HerbaceousVegetation": {
      "precision": 1.0,
      "recall": 0.019867549668874173,
      "f1": 0.03896103896103896,
      "support": 302
    },
    "Highway": {
      "precision": 0.5272727272727272,
      "recall": 0.10780669144981413,
      "f1": 0.17901234567901234,
      "support": 269
    },
    "Industrial": {
      "precision": 1.0,
      "recall": 0.0038910505836575876,
      "f1": 0.007751937984496124,
      "support": 257
    },
    "Pasture": {
      "precision": 0.4120603015075377,
      "recall": 0.4385026737967914,
      "f1": 0.42487046632124353,
      "support": 187
    },
    "PermanentCrop": {
      "precision": 0.527027027027027,
      "recall": 0.30708661417322836,
      "f1": 0.3880597014925373,
      "support": 254
    },
    "Residential": {
      "precision": 0.27906976744186046,
      "recall": 0.9936305732484076,
      "f1": 0.43575418994413406,
      "support": 314
    },
    "River": {
      "precision": 0.8181818181818182,
      "recall": 0.1836734693877551,
      "f1": 0.3,
      "support": 245
    },
    "SeaLake": {
      "precision": 0.9447852760736196,
      "recall": 0.56,
      "f1": 0.7031963470319634,
      "support": 275
    }
  }
}