{
  "accuracy": 0.4696296296296296,
  "precision": 0.7159198855483636,
  "recall": 0.46305624806658513,
  "f1": 0.422132247235474,
  "per_class": {
    "AnnualCrop": {
      "precision": 0.9252873563218391,
      "recall": 0.5366666666666666,
      "f1": 0.679324894514768,
      "support": 300
    },
    "Forest": {
      "precision": 0.381389252948886,
      "recall": 0.9797979797979798,
      "f1": 0.5490566037735849,
      "support": 297
    },
    "HerbaceousVegetation": {
      "precision": 0.8809523809523809,
      "recall": 0.24503311258278146,
      "f1": 0.38341968911917096,
      "support": 302
    },
    "Highway": {
      "precision": 0.6193548387096774,
      "recall": 0.35687732342007433,
      "f1": 0.4528301886792453,
      "support": 269
    },
    "Industrial": {
      "precision": 0.8846153846153846,
      "recall": 0.08949416342412451,
      "f1": 0.1625441696113074,
      "support": 257
    },
    "Pasture": {
      "precision": 0.34075723830734966,
      "recall": 0.8181818181818182,
      "f1": 0.4811320754716981,
      "support": 187
    },
    "PermanentCrop": {
      "precision": 0.8333333333333334,
      "recall": 0.1377952755905512,
      "f1": 0.23648648648648649,
      "support": 254
    },
    "Residential": {
      "precision": 0.35600907029478457,
      "recall": 1.0,
      "f1": 0.5250836120401338,
      "support": 314
    },
    "River": {
      "precision": 0.9375,
      "recall": 0.24489795918367346,
      "f1": 0.3883495145631068,
      "support": 245
    },
    "SeaLake": {
      "precision": 1.0,
      "recall": 0.22181818181818183,
      "f1": 0.3630952380952381,
      "support": 275
    }
  }
}