{
  "accuracy": 0.7022222222222222,
  "precision": 0.7266563782662384,
  "recall": 0.6997893434668752,
  "f1": 0.6941113318889112,
  "per_class": {
    "AnnualCrop": {
      "precision": 0.7348484848484849,
      "recall": 0.6466666666666666,
      "f1": 0.6879432624113475,
      "support": 300
    },
    "Forest": {
      "precision": 0.756578947368421,
      "recall": 0.7744107744107744,
      "f1": 0.7653910149750416,
      "support": 297
    },
    "HerbaceousVegetation": {
      "precision": 0.8151658767772512,
      "recall": 0.5695364238410596,
      "f1": 0.6705653021442495,
      "support": 302
    },
    "Highway": {
      "precision": 0.5602605863192183,
      "recall": 0.6394052044609665,
      "f1": 0.5972222222222222,
      "support": 269
    },
    "Industrial": {
      "precision": 0.7230769230769231,
      "recall": 0.914396887159533,
      "f1": 0.8075601374570447,
      "support": 257
    },
    "Pasture": {
      "precision": 0.6176470588235294,
      "recall": 0.786096256684492,
      "f1": 0.691764705882353,
      "support": 187
    },
    "PermanentCrop": {
      "precision": 0.44192634560906513,
      "recall": 0.6141732283464567,
      "f1": 0.514003294892916,
      "support": 254
    },
    "Residential": {
      "precision": 0.7597911227154047,
      "recall": 0.9267515923566879,
      "f1": 0.8350071736011477,
      "support": 314
    },
    "River": {
      "precision": 0.8712871287128713,
      "recall": 0.35918367346938773,
      "f1": 0.5086705202312138,
      "support": 245
    },
    "SeaLake": {
      "precision": 0.985981308411215,
      "recall": 0.7672727272727272,
      "f1": 0.8629856850715747,
      "support": 275
    }
  }
}