{
  "accuracy": 0.7462962962962963,
  "precision": 0.7699270582607309,
  "recall": 0.7437586552250489,
  "f1": 0.7388859174399319,
  "per_class": {
    "AnnualCrop": {
      "precision": 0.7455197132616488,
      "recall": 0.6933333333333334,
      "f1": 0.7184801381692574,
      "support": 300
    },
    "Forest": {
      "precision": 0.7777777777777778,
      "recall": 0.7777777777777778,
      "f1": 0.7777777777777778,
      "support": 297
    },
    "HerbaceousVegetation": {
      "precision": 0.7804054054054054,
      "recall": 0.7649006622516556,
      "f1": 0.7725752508361204,
      "support": 302
    },
    "Highway": {
      "precision": 0.8561151079136691,
      "recall": 0.4423791821561338,
      "f1": 0.5833333333333334,
      "support": 269
    },
    "Industrial": {
      "precision": 0.8291814946619217,
      "recall": 0.9066147859922179,
      "f1": 0.8661710037174721,
      "support": 257
    },
    "Pasture": {
      "precision": 0.49201277955271566,
      "recall": 0.8235294117647058,
      "f1": 0.616,
      "support": 187
    },
    "PermanentCrop": {
      "precision": 0.48787061994609165,
      "recall": 0.7125984251968503,
      "f1": 0.5792,
      "support": 254
    },
    "Residential": {
      "precision": 0.8797653958944281,
      "recall": 0.9554140127388535,
      "f1": 0.916030534351145,
      "support": 314
    },
    "River": {
      "precision": 0.8807947019867549,
      "recall": 0.5428571428571428,
      "f1": 0.6717171717171717,
      "support": 245
    },
    "SeaLake": {
      "precision": 0.9698275862068966,
      "recall": 0.8181818181818182,
      "f1": 0.8875739644970414,
      "support": 275
    }
  }
}