{
  "accuracy": 0.39925925925925926,
  "precision": 0.5803437924547906,
  "recall": 0.3823040632437186,
  "f1": 0.3407085012364165,
  "per_class": {
    "AnnualCrop": {
      "precision": 0.8343949044585988,
      "recall": 0.43666666666666665,
      "f1": 0.5733041575492341,
      "support": 300
    },
    "Forest": {
      "precision": 0.35962566844919786,
      "recall": 0.9057239057239057,
      "f1": 0.5148325358851674,
      "support": 297
    },
    "HerbaceousVegetation": {
      "precision": 0.0,
      "recall": 0.0,
      "f1": 0.0,
      "support": 302
    },
    "Highway": {
      "precision": 0.3333333333333333,
      "recall": 0.5241635687732342,
      "f1": 0.407514450867052,
      "support": 269
    },
    "Industrial": {
      "precision": 0.8928571428571429,
      "recall": 0.09727626459143969,
      "f1": 0.17543859649122806,
      "support": 257
    },
    "Pasture": {
      "precision": 0.8688524590163934,
      "recall": 0.28342245989304815,
      "f1": 0.4274193548387097,
      "support": 187
    },
    "PermanentCrop": {
      "precision": 0.4533333333333333,
      "recall": 0.13385826771653545,
      "f1": 0.2066869300911854,
      "support": 254
    },
    "Residential": {
      "precision": 0.2931839402427638,
      "recall": 1.0,
      "f1": 0.45342960288808665,
      "support": 314
    },
    "River": {
      "precision": 0.7678571428571429,
      "recall": 0.3510204081632653,
      "f1": 0.48179271708683474,
      "support": 245
    },
    "SeaLake": {
      "precision": 1.0,
      "recall": 0.09090909090909091,
      "f1": 0.16666666666666666,
      "support": 275
    }
  }
}