{
  "accuracy": 0.7411111111111112,
  "precision": 0.7455861673694041,
  "recall": 0.737985949844834,
  "f1": 0.7295239685218371,
  "per_class": {
    "AnnualCrop": {
      "precision": 0.7310344827586207,
      "recall": 0.7066666666666667,
      "f1": 0.7186440677966102,
      "support": 300
    },
    "Forest": {
      "precision": 0.7523219814241486,
      "recall": 0.8181818181818182,
      "f1": 0.7838709677419354,
      "support": 297
    },
    "HerbaceousVegetation": {
      "precision": 0.8818565400843882,
      "recall": 0.6920529801324503,
      "f1": 0.7755102040816326,
      "support": 302
    },
    "Highway": {
      "precision": 0.7338709677419355,
      "recall": 0.3382899628252788,
      "f1": 0.4631043256997455,
      "support": 269
    },
    "Industrial": {
      "precision": 0.8361344537815126,
      "recall": 0.77431906614786,
      "f1": 0.804040404040404,
      "support": 257
    },
    "Pasture": {
      "precision": 0.6577777777777778,
      "recall": 0.7914438502673797,
      "f1": 0.7184466019417476,
      "support": 187
    },
    "PermanentCrop": {
      "precision": 0.5175438596491229,
      "recall": 0.6968503937007874,
      "f1": 0.5939597315436241,
      "support": 254
    },
    "Residential": {
      "precision": 0.7948051948051948,
      "recall": 0.9745222929936306,
      "f1": 0.8755364806866953,
      "support": 314
    },
    "River": {
      "precision": 0.7706422018348624,
      "recall": 0.6857142857142857,
      "f1": 0.7257019438444925,
      "support": 245
    },
    "SeaLake": {
      "precision": 0.779874213836478,
      "recall": 0.9018181818181819,
      "f1": 0.836424957841484,
      "support": 275
    }
  }
}