{
  "accuracy": 0.4162962962962963,
  "precision": 0.45269865376219665,
  "recall": 0.4040205883205214,
  "f1": 0.390598035272034,
  "per_class": {
    "AnnualCrop": {
      "precision": 0.2894736842105263,
      "recall": 0.18333333333333332,
      "f1": 0.22448979591836735,
      "support": 300
    },
    "Forest": {
      "precision": 0.44419134396355353,
      "recall": 0.6565656565656566,
      "f1": 0.529891304347826,
      "support": 297
    },
    "HerbaceousVegetation": {
      "precision": 0.0,
      "recall": 0.0,
      "f1": 0.0,
      "support": 302
    },
    "Highway": {
      "precision": 0.5927272727272728,
      "recall": 0.6059479553903345,
      "f1": 0.5992647058823529,
      "support": 269
    },
    "Industrial": {
      "precision": 0.612,
      "recall": 0.5953307392996109,
      "f1": 0.6035502958579881,
      "support": 257
    },
    "Pasture": {
      "precision": 0.6923076923076923,
      "recall": 0.1443850267379679,
      "f1": 0.23893805309734514,
      "support": 187
    },
    "PermanentCrop": {
      "precision": 0.10363391655450875,
      "recall": 0.3031496062992126,
      "f1": 0.15446339017051153,
      "support": 254
    },
    "Residential": {
      "precision": 0.6788154897494305,
      "recall": 0.9490445859872612,
      "f1": 0.7915006640106241,
      "support": 314
    },
    "River": {
      "precision": 0.7669902912621359,
      "recall": 0.3224489795918367,
      "f1": 0.4540229885057471,
      "support": 245
    },
    "SeaLake": {
      "precision": 0.34684684684684686,
      "recall": 0.28,
      "f1": 0.30985915492957744,
      "support": 275
    }
  }
}